Area,Perimeter,MajorAxisLength,MinorAxisLength,AspectRation,Eccentricity,ConvexArea,EquivDiameter,Extent,Solidity,roundness,Compactness,ShapeFactor1,ShapeFactor2,ShapeFactor3,ShapeFactor4,Class
70574,1055.918,383.8421793,235.4960879,1.629930173,0.789676684,71425,299.7625854,0.71413104,0.988085404,0.795415795,0.780952698,0.005438861,0.00124792,0.609887116,0.994073413,BARBUNYA
48598,813.192,301.3699872,206.0170445,1.462840067,0.729855243,49088,248.7506691,0.758537804,0.990017927,0.923510985,0.825399607,0.006201284,0.001775491,0.681284512,0.996610281,SEKER
51097,875.59,331.1215109,198.1411118,1.671139865,0.801202016,52042,255.0661111,0.672045981,0.981841589,0.837536381,0.770309698,0.006480253,0.001407451,0.593377031,0.991616011,SIRA
58395,979.459,396.0631649,188.3779894,2.10249173,0.879647536,59139,272.6734736,0.78183157,0.987419469,0.764914695,0.688459563,0.006782484,0.000939901,0.473976571,0.99653182,HOROZ
75507,1063.461,414.6505451,233.9163334,1.772644685,0.825686772,76890,310.0620878,0.70212944,0.982013266,0.838984513,0.747767226,0.005491551,0.001059109,0.559155824,0.9911846,CALI
